pc,label,short_description,notes,coder,category
1,General AI Strategy & Public-Sector Modernization,"High-level discourse framing AI as a public-sector and societal development priority, largely detached from sector-specific regulation.",,INA,substantive
2,Operational AI Systems & Deployment,"Language focused on the deployment, use, and functioning of AI systems, contrasted with formal legal or administrative structuring text.",,INA,substantive
3,Spanish-Language Text,Spanish-language policy narrative distinct from English-dominant AI governance discourse.,,INA,language_artifact
4,AI Systems Governance vs Data Protection,Regulatory discourse contrasting AI systems governance with traditional personal data protection and privacy frameworks.,,INA,substantive
5,Personal Data Processing & Compliance,"Emphasis on personal data processing, compliance mechanisms, and administrative controls, contrasted with security or defense-oriented statutory language.",,INA,substantive
6,Bulgarian Education & Training Text,"Education- and training-related policy discourse expressed primarily in Bulgarian, distinct from English AI governance text.",,INA,language_artifact
7,AI & Data Protection Legal Drafting Register,"Formal statutory and regulatory drafting language governing AI and personal data, contrasted with innovation- and skills-oriented policy strategy.",,INA,substantive
8,German-Language Text,German-language policy narrative distinct from English-language data governance and privacy regulation text.,,INA,language_artifact
9,Research & Citation Register,"AI policy language anchored in references to reports, research documents, and external sources, contrasted with implementation-oriented discourse.",,INA,documentary_artifact
10,Legislative Amendment Mechanics,"Formal legislative amendment language indicating how statutes are modified, independent of substantive policy domains.",,INA,drafting_artifact
11,National Statutory Form vs EU Regulatory Form,A contrast between national legislative amendment mechanics and EU-style regulatory drafting and institutional authority language.,,INA,drafting_artifact
12,UK Web & Publication Provenance,Language indicating UK government publication sources and web-based document references rather than substantive policy content.,,INA,documentary_artifact
13,Digital Government & Service Transformation,"Policy discourse focused on digital transformation of government services and rights, contrasted with research and innovation funding language.",,INA,substantive
14,EU AI Strategy & Regulatory Framing,Strategic and regulatory framing of artificial intelligence at the European Union level.,,INA,substantive
15,Operational ML Systems & Digital Transformation,Discourse emphasizing operational machine-learning systems within broader digital transformation initiatives.,,INA,substantive
16,Rights-Based Data Protection vs ML Systems,A dimension contrasting rights-based data protection law with machine-learning system development and deployment.,,INA,substantive
17,Public-Sector AI Decision-Making,"AI governance language focused on public-sector decision-making, institutional authority, and administrative use of AI.",,INA,substantive
18,Defense & National Security AI Governance,"Governance discourse related to defense, national security, and strategic AI programs.",,INA,substantive
19,"Education, Skills & Workforce Development","Policy language addressing education, skills development, and workforce preparation in relation to AI.",,INA,substantive
20,Program-Specific Education Initiative (SmartLabs/PNRR),"References to specific national or EU-funded education initiatives (e.g., SmartLabs, PNRR), distinct from general education policy.",,INA,program_specific
21,EU Security & Sensitive Data Governance,"EU-level governance discourse concerning security, sensitive data categories, and protected information domains.",,INA,substantive
22,Program-Specific Education Initiative (SmartLabs/PNRR),Additional component capturing program-specific education initiatives tied to national recovery or investment plans.,,INA,program_specific
23,"EU Education, Research & Strategic Decision Frameworks","European policy discourse linking education, research, and strategic decision-making frameworks.",,INA,substantive
24,"Education, Training & Skills Policy (Generative AI)",Education and training policy language explicitly engaging with generative AI technologies.,,INA,substantive
25,Health & Care Generative AI Applications,Policy discourse on generative AI applications in health and care contexts.,,INA,substantive
26,"Not retained: mixed education, liability, digital government, and translation residual","Lower-ranked component mixing education and training language with liability, digital government, health, UK, Spanish, and translation-related terms; not retained as a stable substantive governance dimension.",Reviewed manually; excluded from substantive interpretation because the component combines multiple residual patterns rather than a coherent governance dimension.,INA,not_retained
27,"Not retained: mixed foundation-model, research, liability, and education residual","Lower-ranked component combining foundation models, research, personal data, decision-making, liability, education, and quality-management terms; not retained as a stable substantive governance dimension.",Reviewed manually; excluded from substantive interpretation because the component cross-loads several already identified governance themes.,INA,not_retained
28,"Not retained: mixed health, machine-learning, defence, and generative-AI residual","Lower-ranked component combining health and care, machine learning, personal data, defence, generative AI, foundation models, and security terms; not retained as a stable substantive governance dimension.","Reviewed manually; excluded from substantive interpretation because the component does not separate cleanly from earlier health, data, defence, and generative-AI dimensions.",INA,not_retained
29,"Not retained: mixed liability, vehicle, data-protection, and multilingual residual","Lower-ranked component combining liability, damage, vehicle-related terms, French data-protection vocabulary, education, skills, health, and digital-transformation terms; not retained as a stable substantive governance dimension.","Reviewed manually; excluded from substantive interpretation because the component combines legal, sectoral, and multilingual residual structure.",INA,not_retained
30,"Not retained: mixed automated decision-making, defence, online targeting, and generative-AI residual","Lower-ranked component combining automated decision-making, algorithmic bias, defence, digital transformation, online targeting, generative AI, liability, and risk terms; not retained as a stable substantive governance dimension.","Reviewed manually; excluded from substantive interpretation because it overlaps with earlier public-sector decision-making, defence, and digital-platform dimensions.",INA,not_retained
31,"Not retained: mixed health, generative-AI, education, and systems-governance residual","Lower-ranked component combining health and care, generative AI, machine learning, foundation models, education, skills, systems, vehicles, and energy terms; not retained as a stable substantive governance dimension.",Reviewed manually; excluded from substantive interpretation because the component is thematically diffuse across several previously identified domains.,INA,not_retained
32,"Not retained: mixed online-targeting, platform regulation, liability, and public decision-making residual","Lower-ranked component combining online targeting, platforms, regulation, risk, users, regulators, liability, public decision-making, and generative-AI terms; not retained as a stable substantive governance dimension.",Reviewed manually; excluded from substantive interpretation because the component mixes platform regulation with liability and public-sector decision-making residuals.,INA,not_retained
33,Not retained: multilingual data-protection and statutory-language residual,Lower-ranked component dominated by French data-protection vocabulary alongside Spanish and statutory language; not retained as a stable substantive governance dimension.,Reviewed manually; excluded from substantive interpretation because the component primarily reflects multilingual legal-language structure.,INA,not_retained
34,"Not retained: mixed defence, statutory amendment, and transportation residual","Lower-ranked component combining defence, national-security, generative-AI, statutory-amendment, Coast Guard, transportation, and federal code terms; not retained as a stable substantive governance dimension.",Reviewed manually; excluded from substantive interpretation because the component blends defence substance with legislative-form and transportation-specific residuals.,INA,not_retained
35,"Not retained: mixed government information, foundation-models, education, and country-specific residual","Lower-ranked component combining government information, federal agencies, foundation models, education, Australia-specific terms, public services, and online-targeting residuals; not retained as a stable substantive governance dimension.",Reviewed manually; excluded from substantive interpretation because the component mixes country-specific and cross-domain governance language.,INA,not_retained
36,"Not retained: mixed aviation, transport safety, defence, and generative-AI residual","Lower-ranked component combining air force, aircraft, aviation, transportation, safety, defence, security, liability, and generative-AI terms; not retained as a stable substantive governance dimension.",Reviewed manually; excluded from substantive interpretation because the component is sectorally narrow and mixed with defence and residual statutory language.,INA,not_retained
37,Not retained: low-proportion token and mixed governance residual,"Lower-ranked component marked by low-proportion tokens and mixed health, digital, regulatory, Australian, public-sector, personal-data, and language terms; not retained as a stable substantive governance dimension.",Reviewed manually; excluded from substantive interpretation because the component appears partly driven by tokenisation and residual mixed-governance structure.,INA,not_retained
38,Not retained: Kinyarwanda-language and mixed generative-AI residual,"Lower-ranked component combining Kinyarwanda-language terms with generative AI, health, development, bias, training, research, and UK government terms; not retained as a stable substantive governance dimension.",Reviewed manually; excluded from substantive interpretation because the component is substantially shaped by language-specific residual structure.,INA,not_retained
39,Not retained: Kinyarwanda data-protection and mixed governance residual,"Lower-ranked component dominated by Kinyarwanda data-protection vocabulary alongside foundation-model, regulatory, public-sector, security, decision-making, and education terms; not retained as a stable substantive governance dimension.",Reviewed manually; excluded from substantive interpretation because the component primarily reflects language-specific data-protection vocabulary mixed with governance residuals.,INA,not_retained
40,"Not retained: mixed foundation-model, air-force, education, and Kinyarwanda residual","Lower-ranked component combining foundation models, air force, aircraft, space, education, training, regulation, and Kinyarwanda-language terms; not retained as a stable substantive governance dimension.","Reviewed manually; excluded from substantive interpretation because the component mixes defence, foundation-model, education, and language-specific residual patterns.",INA,not_retained
