pc,direction,rank,term,loading
1,positive,1,ai,0.4020345023995935
1,positive,2,data,0.2556668853909132
1,positive,3,digital,0.12745427244243848
1,positive,4,intelligence,0.11062396396133138
1,positive,5,development,0.1097819877777338
1,positive,6,artificial,0.10639946586191024
1,positive,7,public,0.10479202087115834
1,positive,8,research,0.10449220775972161
1,positive,9,artificial intelligence,0.10245385771834645
1,positive,10,use,0.10169701819435448
1,positive,11,systems,0.09285841791866217
1,positive,12,national,0.0916528806075696
1,positive,13,government,0.09097275603047289
1,positive,14,technology,0.08018446598903255
1,positive,15,information,0.07914900258232987
1,positive,16,innovation,0.07335172761178069
1,positive,17,new,0.07205045790606833
1,positive,18,services,0.07043836687407697
1,positive,19,technologies,0.06969654877416062
1,positive,20,sector,0.06641126705379424
1,positive,21,human,0.06281550743281186
1,positive,22,security,0.06179088014803169
1,positive,23,strategy,0.06094853786620199
1,positive,24,machine,0.05996709202888184
1,positive,25,support,0.05960626543369078
1,positive,26,based,0.05840354852749459
1,positive,27,section,0.0582321254897354
1,positive,28,shall,0.056715192430687976
1,positive,29,defense,0.05577022094255698
1,positive,30,education,0.055766313262354025
1,negative,1,masks masked,1.5430085466649503e-06
1,negative,2,masked medium,1.5430085466649503e-06
1,negative,3,unmasked unmasked,1.5430085466649503e-06
1,negative,4,институциите,1.6678275462240634e-06
1,negative,5,учебни програми,2.0840707932377858e-06
1,negative,6,работят,2.2338869645730996e-06
1,negative,7,учебен процес,2.238078508506429e-06
1,negative,8,постижения,2.243481627686957e-06
1,negative,9,страна на,2.2486776337510847e-06
1,negative,10,контекста,2.2820246049569048e-06
1,negative,11,по изкуства,2.402472377309061e-06
1,negative,12,съвременните,2.406606287950245e-06
1,negative,13,постигане на,2.4119783704840912e-06
1,negative,14,текст,2.430415866706184e-06
1,negative,15,студентите по,2.489630855299157e-06
1,negative,16,употреба на,2.539894160728077e-06
1,negative,17,бъдещите,2.548938646475797e-06
1,negative,18,постигане,2.5493974467316306e-06
1,negative,19,компютър,2.6020423738713577e-06
1,negative,20,конкретни,2.616785441776644e-06
1,negative,21,материал,2.6477317546359577e-06
1,negative,22,висока,2.6705653111563165e-06
1,negative,23,първо,2.6909730305909185e-06
1,negative,24,обаче,2.715504926396248e-06
1,negative,25,как да,2.731206368384642e-06
1,negative,26,се осъществява,2.789724787786428e-06
1,negative,27,характеристики,2.833420129364322e-06
1,negative,28,за по,2.8638345601718838e-06
1,negative,29,усвояване на,2.944484456747316e-06
1,negative,30,осъществява,2.985994373206597e-06
2,positive,1,ai,0.23835374337043802
2,positive,2,data,0.10656903806138777
2,positive,3,artificial,0.04433361441106947
2,positive,4,artificial intelligence,0.04335950507636596
2,positive,5,digital,0.03842363873333567
2,positive,6,intelligence,0.0366142827557408
2,positive,7,ai systems,0.03045399020251059
2,positive,8,use,0.02880860094164236
2,positive,9,systems,0.028221909632396687
2,positive,10,learning,0.024712825184321767
2,positive,11,innovation,0.024448860036744582
2,positive,12,human,0.02436016380066131
2,positive,13,development,0.023470145624449084
2,positive,14,sector,0.02256228274244666
2,positive,15,machine,0.022389194564649672
2,positive,16,models,0.021874298116613036
2,positive,17,technologies,0.02183279224712443
2,positive,18,ethical,0.020966584679409074
2,positive,19,government,0.020399752380497325
2,positive,20,use ai,0.020193122953547415
2,positive,21,uk,0.02006502891510068
2,positive,22,companies,0.019025387199383025
2,positive,23,skills,0.01884115600906061
2,positive,24,governance,0.018749686090013994
2,positive,25,society,0.01807421748701847
2,positive,26,principles,0.018007027123526767
2,positive,27,european,0.017941996228789142
2,positive,28,personal data,0.017850532269798235
2,positive,29,personal,0.017496375599698095
2,positive,30,example,0.017040938209640883
2,negative,1,22,-0.20093369500111785
2,negative,2,xml,-0.19808683046855294
2,negative,3,section,-0.170036087830458
2,negative,4,defense,-0.16609218816977236
2,negative,5,sec,-0.15226192232658833
2,negative,6,10,-0.15112445409822386
2,negative,7,secretary,-0.13433590496055792
2,negative,8,rcp xml,-0.13285088581164226
2,negative,9,rcp,-0.13278414539099836
2,negative,10,120721,-0.13271680646850206
2,negative,11,10 22,-0.13112914814364224
2,negative,12,shall,-0.12517148866166358
2,negative,13,subsection,-0.12389268300324704
2,negative,14,united states,-0.10077675056346995
2,negative,15,2021,-0.10051246852501877
2,negative,16,united,-0.10000829760588437
2,negative,17,11,-0.09773785734728166
2,negative,18,states,-0.09348685544957541
2,negative,19,title,-0.09214238538752653
2,negative,20,inserting,-0.09027662710543753
2,negative,21,24,-0.08648020699573358
2,negative,22,striking,-0.07958414362341455
2,negative,23,paragraph,-0.07809891601146722
2,negative,24,military,-0.0716270944070643
2,negative,25,jkt,-0.07029828128333539
2,negative,26,sfmt,-0.07028822818879885
2,negative,27,fmt,-0.07026550575214617
2,negative,28,frm,-0.07026472676921411
2,negative,29,00000,-0.07024117443804591
2,negative,30,verdate,-0.07016585882607745
3,positive,1,la,0.5183133014999348
3,positive,2,el,0.3167195272498433
3,positive,3,en,0.3012681552783344
3,positive,4,del,0.23530481648307872
3,positive,5,que,0.22362949973400717
3,positive,6,las,0.21187515594321316
3,positive,7,los,0.2089936927596624
3,positive,8,digital,0.19187995347544348
3,positive,9,para,0.14172604650157147
3,positive,10,se,0.13962780864404423
3,positive,11,digitales,0.10380244910633883
3,positive,12,en el,0.09549181225715979
3,positive,13,nacional,0.09015317212207688
3,positive,14,transformación,0.08908658094319032
3,positive,15,transformación digital,0.08282838157933756
3,positive,16,servicio,0.08139265230727112
3,positive,17,como,0.07922292436034949
3,positive,18,por,0.07594662513077902
3,positive,19,en la,0.07163134864016663
3,positive,20,gobierno,0.07044891962130592
3,positive,21,una,0.06696954491841367
3,positive,22,servicios,0.0652814613441598
3,positive,23,política,0.05373831566593549
3,positive,24,del servicio,0.05195835771138351
3,positive,25,ciudadanía,0.05159654235740907
3,positive,26,indicador,0.051201489147903026
3,positive,27,datos,0.05045207666117131
3,positive,28,pcm,0.0477837279438371
3,positive,29,tecnologías,0.04771663268225036
3,positive,30,para la,0.04750043534774892
3,negative,1,ai,-0.0828638346663014
3,negative,2,systems,-0.014530487905767072
3,negative,3,ai systems,-0.012589034651687767
3,negative,4,data,-0.012509874618590594
3,negative,5,research,-0.008494065184082378
3,negative,6,section,-0.008426685869432982
3,negative,7,human,-0.00840397629149814
3,negative,8,defense,-0.007549503813866324
3,negative,9,use ai,-0.007137364952944766
3,negative,10,use,-0.006961013142653396
3,negative,11,sec,-0.006865106268723106
3,negative,12,xml,-0.006537274956484053
3,negative,13,intelligence,-0.006486217680289954
3,negative,14,risk,-0.006423408245273085
3,negative,15,models,-0.0063382753199306965
3,negative,16,risks,-0.006093918454446954
3,negative,17,secretary,-0.00572796337036053
3,negative,18,artificial intelligence,-0.005597058266535727
3,negative,19,principles,-0.005561612800567384
3,negative,20,generative,-0.0055182376289748605
3,negative,21,united states,-0.005490047654701653
3,negative,22,ethical,-0.0054725689699166875
3,negative,23,subsection,-0.005386316374187232
3,negative,24,united,-0.0053793263832917285
3,negative,25,22,-0.0052273988821784755
3,negative,26,generative ai,-0.005195136135969968
3,negative,27,used,-0.004967048402541035
3,negative,28,states,-0.004851191841881014
3,negative,29,decision,-0.004845843412218223
3,negative,30,model,-0.004821738367148329
4,positive,1,ai,0.5675580235025003
4,positive,2,xml,0.11863237556749669
4,positive,3,22,0.11590889706869192
4,positive,4,rcp xml,0.0796737426146464
4,positive,5,rcp,0.07961280111932136
4,positive,6,120721,0.07939739732351789
4,positive,7,10 22,0.07820281678486836
4,positive,8,ai systems,0.07108008356323667
4,positive,9,10,0.054562088000802825
4,positive,10,artificial,0.04927109817046532
4,positive,11,intelligence,0.048763541381459885
4,positive,12,artificial intelligence,0.048280870869166125
4,positive,13,24,0.04742336683425718
4,positive,14,2021,0.04690774819204341
4,positive,15,systems,0.04673171902135647
4,positive,16,use ai,0.04266237838296249
4,positive,17,generative,0.04246569926392937
4,positive,18,generative ai,0.04131795556176239
4,positive,19,al 11,0.039906941146113054
4,positive,20,11 gen,0.03990148958359534
4,positive,21,gen rcp,0.03990148958359534
4,positive,22,hcross appdata,0.039884618255170874
4,positive,23,xmet,0.039884618255170874
4,positive,24,appdata roaming,0.039884618255170874
4,positive,25,softquad xmet,0.039884618255170874
4,positive,26,appdata,0.039884618255170874
4,positive,27,roaming softquad,0.039884618255170874
4,positive,28,hcross,0.039884618255170874
4,positive,29,softquad,0.039884618255170874
4,positive,30,users hcross,0.039884618255170874
4,negative,1,data,-0.4211921854176515
4,negative,2,personal,-0.15156913559767932
4,negative,3,personal data,-0.1499937010520223
4,negative,4,shall,-0.08929764791368518
4,negative,5,section,-0.08803870581194688
4,negative,6,protection,-0.07889357146963222
4,negative,7,digital,-0.0788267011509975
4,negative,8,processing,-0.0771404886782897
4,negative,9,information,-0.07273846759747522
4,negative,10,sec,-0.07257582548947242
4,negative,11,public,-0.06803355713135006
4,negative,12,data protection,-0.057317371349937106
4,negative,13,law,-0.05301053656986375
4,negative,14,subsection,-0.05281922633895021
4,negative,15,access,-0.048623821797979055
4,negative,16,paragraph,-0.04778442228704383
4,negative,17,article,-0.04751690926002548
4,negative,18,defense,-0.04705628447087043
4,negative,19,provision,-0.04667573346211878
4,negative,20,title,-0.045703417275734404
4,negative,21,controller,-0.04529333671802725
4,negative,22,inserting,-0.044368731739283886
4,negative,23,sharing,-0.04366362539303433
4,negative,24,services,-0.043569610797812464
4,negative,25,secretary,-0.042690639168693895
4,negative,26,subject,-0.040175038013599916
4,negative,27,person,-0.038784949924001715
4,negative,28,authority,-0.038528762693726785
4,negative,29,contained,-0.03784106217537617
4,negative,30,act,-0.03779437041970424
5,positive,1,data,0.48545665484934003
5,positive,2,22,0.1581797038136461
5,positive,3,personal data,0.1566651139986943
5,positive,4,xml,0.15636838337881764
5,positive,5,personal,0.15470310229463033
5,positive,6,rcp xml,0.10469715288092943
5,positive,7,rcp,0.10457059538721115
5,positive,8,120721,0.10442073293589067
5,positive,9,10 22,0.10264914912229658
5,positive,10,processing,0.08335756082344042
5,positive,11,protection,0.07785670366274242
5,positive,12,24,0.0738162079466274
5,positive,13,data protection,0.06824870359671237
5,positive,14,10,0.060591971503154596
5,positive,15,users,0.05374203909560258
5,positive,16,2021,0.05317933694356196
5,positive,17,al 11,0.05240261600939895
5,positive,18,gen rcp,0.0523934574592568
5,positive,19,11 gen,0.0523934574592568
5,positive,20,appdata,0.05236816081776553
5,positive,21,appdata roaming,0.05236816081776553
5,positive,22,roaming softquad,0.05236816081776553
5,positive,23,xmet,0.05236816081776553
5,positive,24,softquad xmet,0.05236816081776553
5,positive,25,softquad,0.05236816081776553
5,positive,26,users hcross,0.05236816081776553
5,positive,27,hcross,0.05236816081776553
5,positive,28,hcross appdata,0.05236816081776553
5,positive,29,22 rcp,0.05235730046893784
5,positive,30,cmte,0.05235730046893784
5,negative,1,sec,-0.15683630875560156
5,negative,2,section,-0.14506272482468874
5,negative,3,defense,-0.12741515163913725
5,negative,4,subsection,-0.09473882176640405
5,negative,5,united states,-0.09132353616450022
5,negative,6,secretary,-0.0905853853956562
5,negative,7,united,-0.08943647131761075
5,negative,8,inserting,-0.08706127311899294
5,negative,9,title,-0.08625566876811015
5,negative,10,states,-0.08349127818902445
5,negative,11,striking,-0.07543215125648252
5,negative,12,ai,-0.06848561608759256
5,negative,13,provision,-0.06840304153849998
5,negative,14,contained,-0.06811202021099949
5,negative,15,national,-0.06493134434722943
5,negative,16,research,-0.06203894189985167
5,negative,17,amended,-0.061759376015022543
5,negative,18,program,-0.05830558645090733
5,negative,19,senate,-0.05821766116757041
5,negative,20,house,-0.057377612238655465
5,negative,21,department,-0.05656639071079271
5,negative,22,paragraph,-0.055804095696779354
5,negative,23,amendment,-0.05548032977383866
5,negative,24,states code,-0.05385669173685256
5,negative,25,development,-0.04853171527274212
5,negative,26,code,-0.04794413911837241
5,negative,27,secretary defense,-0.046750205560071645
5,negative,28,intelligence,-0.04520268049350445
5,negative,29,provision sec,-0.04491726599662021
5,negative,30,000,-0.04478784768893219
6,positive,1,на,0.8037966323485974
6,positive,2,за,0.2843300566907786
6,positive,3,да,0.23456021910994354
6,positive,4,се,0.1882428376924424
6,positive,5,от,0.17425065296180073
6,positive,6,по,0.11767434725148816
6,positive,7,обучение,0.08249814801027548
6,positive,8,да се,0.06968529475301602
6,positive,9,са,0.06713324770862934
6,positive,10,като,0.06445610659400042
6,positive,11,образованието,0.05821939298368829
6,positive,12,при,0.0558771862580262
6,positive,13,трансформация,0.05342902169149206
6,positive,14,дигитална,0.05000206520335657
6,positive,15,не,0.04987963125818916
6,positive,16,които,0.049588572412806876
6,positive,17,на образованието,0.0480045816096686
6,positive,18,проблеми,0.04537981205237396
6,positive,19,оценяване,0.044922663596990216
6,positive,20,трансформация на,0.044716810713700074
6,positive,21,или,0.04361826938311263
6,positive,22,решения,0.043274617924954996
6,positive,23,дигитална трансформация,0.043140940839190796
6,positive,24,акредитация,0.04207465991351725
6,positive,25,към,0.04085523241916229
6,positive,26,обучението,0.040386005887228224
6,positive,27,студентите,0.039700512051895294
6,positive,28,национална,0.039482190794927825
6,positive,29,технологии,0.03933189304199755
6,positive,30,конференция,0.03891349352330844
6,negative,1,data,-0.018188037864649623
6,negative,2,ai,-0.01409649862814412
6,negative,3,personal data,-0.006383345963277183
6,negative,4,personal,-0.006247287666683728
6,negative,5,la,-0.004187513188922858
6,negative,6,processing,-0.0035296809417941968
6,negative,7,xml,-0.0033685776959740395
6,negative,8,ai systems,-0.003301676039531463
6,negative,9,systems,-0.0030189973454343697
6,negative,10,data protection,-0.002736639115601794
6,negative,11,el,-0.0024031014021148735
6,negative,12,rcp xml,-0.0022534234507067506
6,negative,13,120721,-0.0022523709287361575
6,negative,14,rcp,-0.002249742952016752
6,negative,15,shall,-0.0021861557270824684
6,negative,16,10 22,-0.0021832300333163484
6,negative,17,privacy,-0.0021790376897253697
6,negative,18,use,-0.0021779681430465657
6,negative,19,protection,-0.002043452245385015
6,negative,20,section,-0.00198045106163626
6,negative,21,22,-0.0019757178107063164
6,negative,22,controller,-0.001957576860536789
6,negative,23,que,-0.0018855700686447297
6,negative,24,users,-0.0018459706212243807
6,negative,25,las,-0.0017177854933890602
6,negative,26,del,-0.0017002600139203396
6,negative,27,risk,-0.001691121541964178
6,negative,28,risks,-0.001673741110758854
6,negative,29,los,-0.0016726927927671641
6,negative,30,used,-0.0016652225405766378
7,positive,1,ai,0.4149383280971252
7,positive,2,data,0.2175371889024281
7,positive,3,section,0.14019373801965934
7,positive,4,personal data,0.09953952630858963
7,positive,5,personal,0.099076701311427
7,positive,6,subsection,0.09003374468586534
7,positive,7,ai systems,0.08830290563934101
7,positive,8,inserting,0.0871839049574166
7,positive,9,la,0.08063227001517309
7,positive,10,sec,0.08020023790642933
7,positive,11,striking,0.07684277170112946
7,positive,12,systems,0.07548482359175833
7,positive,13,title,0.07297660266388573
7,positive,14,shall,0.07054470093410088
7,positive,15,defense,0.06338739786316568
7,positive,16,paragraph,0.05986759758718355
7,positive,17,amended,0.05955899347103294
7,positive,18,united states,0.05751295787095963
7,positive,19,processing,0.05494913867974054
7,positive,20,secretary,0.054788116007481444
7,positive,21,united,0.05193715413386136
7,positive,22,states,0.04898140092232891
7,positive,23,act,0.04831148691260885
7,positive,24,el,0.0475791420063983
7,positive,25,protection,0.04588379636602523
7,positive,26,states code,0.045688232183741885
7,positive,27,data protection,0.0449991978945492
7,positive,28,code,0.044293466512080944
7,positive,29,en,0.03985881060147894
7,positive,30,use ai,0.0385929914113738
7,negative,1,digital,-0.33778510258948513
7,negative,2,transformation,-0.10522902875155557
7,negative,3,innovation,-0.09619098992045004
7,negative,4,digital transformation,-0.09605343784674267
7,negative,5,education,-0.09487893225282777
7,negative,6,government,-0.09385560487664246
7,negative,7,development,-0.09380330140316953
7,negative,8,research,-0.08692644228257174
7,negative,9,national,-0.08181499185553709
7,negative,10,skills,-0.0816915336435314
7,negative,11,economy,-0.07711447947142308
7,negative,12,public,-0.07689729960520905
7,negative,13,artificial,-0.06644399085811413
7,negative,14,technologies,-0.06635537986113592
7,negative,15,artificial intelligence,-0.06562602988070407
7,negative,16,services,-0.06555306695318328
7,negative,17,intelligence,-0.06271517372977337
7,negative,18,strategy,-0.06138988686719877
7,negative,19,technology,-0.061082425019050646
7,negative,20,sector,-0.06071651324297468
7,negative,21,ministry,-0.06065183328448879
7,negative,22,22,-0.0604494091848495
7,negative,23,economic,-0.05817656613279564
7,negative,24,xml,-0.05619486518964745
7,negative,25,science,-0.05550683176070424
7,negative,26,translated,-0.053245828190796506
7,negative,27,machine translated,-0.05306774204842101
7,negative,28,translated google,-0.05305297870729206
7,negative,29,digital skills,-0.052500073063597504
7,negative,30,google,-0.05222564721041794
8,positive,1,die,0.49493867054569396
8,positive,2,und,0.4357603927697751
8,positive,3,der,0.4223725561859437
8,positive,4,für,0.17456509653388455
8,positive,5,des,0.1680410776479107
8,positive,6,von,0.16205620962056266
8,positive,7,zu,0.1540847651105303
8,positive,8,den,0.14009019370385029
8,positive,9,das,0.12305480683209384
8,positive,10,im,0.12281265577427677
8,positive,11,mit,0.11556691418797455
8,positive,12,werden,0.11168904712121014
8,positive,13,auf,0.10156059717390248
8,positive,14,eine,0.10088461289933812
8,positive,15,ist,0.0818963024665624
8,positive,16,wurden,0.07724682780564023
8,positive,17,zur,0.0765184573515579
8,positive,18,ein,0.07294471995586604
8,positive,19,wurde,0.07193353516042712
8,positive,20,dem,0.0700218527745378
8,positive,21,für die,0.06836751943824529
8,positive,22,durch,0.06536449487918639
8,positive,23,oder,0.06473791967193185
8,positive,24,als,0.0632043937110737
8,positive,25,über,0.06284075252015776
8,positive,26,um,0.05847079616318414
8,positive,27,sind,0.05709163792566827
8,positive,28,einer,0.053843301672173265
8,positive,29,sich,0.0526372783572244
8,positive,30,auch,0.05217988204413836
8,negative,1,data,-0.08152381326134811
8,negative,2,section,-0.011843454566942593
8,negative,3,personal data,-0.011181374943434583
8,negative,4,personal,-0.010586294797518162
8,negative,5,sharing,-0.010419157824508668
8,negative,6,use,-0.010007967243704934
8,negative,7,data sharing,-0.009855503258312871
8,negative,8,model,-0.009311437374855864
8,negative,9,privacy,-0.008980475031883341
8,negative,10,inserting,-0.008170898861779385
8,negative,11,access,-0.007825557231711994
8,negative,12,quality,-0.007679056108399059
8,negative,13,subsection,-0.007492936482179141
8,negative,14,striking,-0.007308798394703066
8,negative,15,el,-0.0072623854529057785
8,negative,16,used,-0.007003065946286045
8,negative,17,la,-0.006987598238253186
8,negative,18,public,-0.006704495014588543
8,negative,19,information,-0.0064466869513468165
8,negative,20,models,-0.006426784820945368
8,negative,21,del,-0.005990631417247456
8,negative,22,datasets,-0.005731301666670293
8,negative,23,bias,-0.005704027271620681
8,negative,24,title,-0.005610392858327979
8,negative,25,use data,-0.005459314130718908
8,negative,26,making,-0.005406234684701164
8,negative,27,health,-0.005345717482638921
8,negative,28,data strategy,-0.005229795169459911
8,negative,29,risk,-0.005165204552715116
8,negative,30,training,-0.005084255406061396
9,positive,1,artificial,0.45866733346111643
9,positive,2,intelligence,0.45064902736478085
9,positive,3,artificial intelligence,0.4434911607600691
9,positive,4,https,0.1837479724619953
9,positive,5,www,0.1169964232074779
9,positive,6,https www,0.10694343808091168
9,positive,7,org,0.06894402124393467
9,positive,8,2019,0.06823157702833699
9,positive,9,pdf,0.06732196263641602
9,positive,10,research,0.06094627184510853
9,positive,11,gov,0.05975215294916369
9,positive,12,personal data,0.055945864764001776
9,positive,13,2018,0.05133442741342114
9,positive,14,personal,0.05127970860371285
9,positive,15,com,0.04542141406723554
9,positive,16,science,0.04461648550288822
9,positive,17,2020,0.043464375176679414
9,positive,18,finland,0.0424462766086399
9,positive,19,en,0.04189487345298157
9,positive,20,use artificial,0.04145855128727848
9,positive,21,uk,0.03824142446657372
9,positive,22,2023,0.037839746207041454
9,positive,23,intelligence systems,0.03511581654711962
9,positive,24,ethics,0.034213814884378
9,positive,25,report,0.032059048221989926
9,positive,26,field artificial,0.03204663082108898
9,positive,27,protection,0.03159610994997966
9,positive,28,national artificial,0.031067518868668542
9,positive,29,european,0.03026766631732917
9,positive,30,council,0.02974248086801725
9,negative,1,digital,-0.23903835628088743
9,negative,2,ai,-0.14024210879084087
9,negative,3,transformation,-0.06758480117759552
9,negative,4,skills,-0.06744530671815079
9,negative,5,services,-0.06683158858414107
9,negative,6,digital transformation,-0.062481048282775564
9,negative,7,service,-0.04951097596016146
9,negative,8,public,-0.04358727221522454
9,negative,9,training,-0.040833197928745124
9,negative,10,digital skills,-0.04048198459202875
9,negative,11,economy,-0.03475223683062774
9,negative,12,support,-0.034172299638892116
9,negative,13,infrastructure,-0.033497312976230605
9,negative,14,government,-0.03312606204059242
9,negative,15,quality,-0.02983023083157223
9,negative,16,ai systems,-0.02978077977211422
9,negative,17,digital economy,-0.02963996789091353
9,negative,18,access,-0.02963261720485646
9,negative,19,die,-0.02886447203932792
9,negative,20,indicator,-0.02798541420749194
9,negative,21,ensure,-0.027980720990984823
9,negative,22,new,-0.027614653638990967
9,negative,23,models,-0.027122002295849653
9,negative,24,risks,-0.026880620082536475
9,negative,25,people,-0.02624702209841363
9,negative,26,sector,-0.025784216130347322
9,negative,27,und,-0.025129234635281397
9,negative,28,companies,-0.025091404144047164
9,negative,29,model,-0.02485730535476402
9,negative,30,digital technologies,-0.02402435961721938
10,positive,1,section,0.3077459759626289
10,positive,2,inserting,0.26032150410378413
10,positive,3,striking,0.22962696614514774
10,positive,4,subsection,0.21175309750145432
10,positive,5,amended,0.16070768106090005
10,positive,6,paragraph,0.15328477822355127
10,positive,7,title,0.12152816782488755
10,positive,8,redesignated,0.10943034995062108
10,positive,9,digital,0.08267547110156165
10,positive,10,amended striking,0.07722879148033891
10,positive,11,chapter,0.07073536173104109
10,positive,12,transferred,0.0677901416045016
10,positive,13,subsection section,0.06638638919108311
10,positive,14,code,0.0647241047837935
10,positive,15,subparagraph,0.06365652833098984
10,positive,16,shall,0.06358745937438375
10,positive,17,states code,0.06306153150358466
10,positive,18,ii,0.060203348868130786
10,positive,19,ar,0.05497447278475434
10,positive,20,inserting section,0.05486016297841102
10,positive,21,striking section,0.05377411876009626
10,positive,22,ticle,0.05025801838598821
10,positive,23,ar ticle,0.05014006416830653
10,positive,24,regulation,0.04827120110292701
10,positive,25,eu,0.0481594902276944
10,positive,26,redesignating,0.04598264847009539
10,positive,27,code amended,0.0451594868260521
10,positive,28,sections,0.04407278631771455
10,positive,29,following,0.04382958709153325
10,positive,30,european,0.0435879013002202
10,negative,1,sec,-0.2717089693992406
10,negative,2,defense,-0.19332877220505487
10,negative,3,contained,-0.16576699348799823
10,negative,4,provision,-0.1528582960369223
10,negative,5,senate,-0.12888076472995016
10,negative,6,house,-0.12774483396609643
10,negative,7,provision sec,-0.1098884187509931
10,negative,8,amendment,-0.10661717592044834
10,negative,9,data,-0.10296264025224175
10,negative,10,senate amendment,-0.09678538018046909
10,negative,11,amendment contained,-0.09558751616191084
10,negative,12,house contained,-0.09525635293653913
10,negative,13,contained provision,-0.09346585153267507
10,negative,14,department,-0.09194846413190809
10,negative,15,recedes,-0.09115729936664202
10,negative,16,contained similar,-0.09104955748638795
10,negative,17,similar provision,-0.08909356444713654
10,negative,18,secretary,-0.08036707983079462
10,negative,19,military,-0.07907432061762022
10,negative,20,department defense,-0.07148148540045499
10,negative,21,similar,-0.06803198458447168
10,negative,22,secretary defense,-0.06690268961938575
10,negative,23,000,-0.06589770192564927
10,negative,24,program,-0.06435383086389775
10,negative,25,6601,-0.06227854896207386
10,negative,26,report,-0.05495154992262946
10,negative,27,conferees,-0.054566334561925944
10,negative,28,house recedes,-0.05169702533928987
10,negative,29,security,-0.05011799193550903
10,negative,30,armed,-0.04904356514339213
11,positive,1,data,0.24411556598672188
11,positive,2,section,0.13495764785466544
11,positive,3,inserting,0.13390287214799473
11,positive,4,striking,0.12031475041258682
11,positive,5,subsection,0.09127116150896583
11,positive,6,amended,0.0777069847575441
11,positive,7,title,0.07271991082335108
11,positive,8,artificial,0.06258175659477944
11,positive,9,intelligence,0.061523821358891784
11,positive,10,artificial intelligence,0.05993751146041869
11,positive,11,learning,0.05935288022109186
11,positive,12,redesignated,0.05753532265428154
11,positive,13,amended striking,0.04212458189735329
11,positive,14,states code,0.04170005339291301
11,positive,15,machine learning,0.04017604710451125
11,positive,16,sharing,0.03987441376408189
11,positive,17,die,0.03771682355496244
11,positive,18,new,0.03723596867285825
11,positive,19,transferred,0.03659419883684033
11,positive,20,title 10,0.03568092162265278
11,positive,21,machine,0.034861444803001275
11,positive,22,quality,0.034199860911801876
11,positive,23,subsection section,0.033834323712668764
11,positive,24,10 united,0.03317423138688628
11,positive,25,und,0.032341962146957406
11,positive,26,data sharing,0.031892622645707344
11,positive,27,development,0.03141593183643001
11,positive,28,united states,0.02955226420225123
11,positive,29,training,0.029379163666900326
11,positive,30,sector,0.029313865089692297
11,negative,1,ar,-0.21002793361159403
11,negative,2,ticle,-0.18907809168730255
11,negative,3,ar ticle,-0.18879889917616224
11,negative,4,shall,-0.1859487127931556
11,negative,5,regulation,-0.16293990062938604
11,negative,6,eu,-0.14585672217263368
11,negative,7,ser,-0.14564613560595638
11,negative,8,european,-0.12291916752941599
11,negative,9,commission,-0.1170022058295816
11,negative,10,author,-0.10615904057603547
11,negative,11,inf,-0.10302009084784446
11,negative,12,ser vices,-0.10022041923047185
11,negative,13,vices,-0.09986470308502063
11,negative,14,ity,-0.09511151876337649
11,negative,15,par,-0.09003737971594789
11,negative,16,ed,-0.087740241475434
11,negative,17,member,-0.08677425230427911
11,negative,18,inf mation,-0.08548619852535164
11,negative,19,mation,-0.08407355092341323
11,negative,20,article,-0.07278853811542374
11,negative,21,er,-0.06922231195445908
11,negative,22,red,-0.06907557824891095
11,negative,23,law,-0.06905477705852149
11,negative,24,oj,-0.06716717855474372
11,negative,25,provid,-0.0642072316095319
11,negative,26,ma,-0.059981176344067286
11,negative,27,author ities,-0.059132577147765444
11,negative,28,ities,-0.058837363858245784
11,negative,29,accordance,-0.05872602495268717
11,negative,30,union,-0.05791624684319109
12,positive,1,https,0.34802013982860075
12,positive,2,uk,0.30241673210788556
12,positive,3,www,0.253205457937253
12,positive,4,https www,0.23036275520970176
12,positive,5,gov,0.21088076415985174
12,positive,6,gov uk,0.17029593539443888
12,positive,7,government,0.12514614620643388
12,positive,8,org,0.11510512748482618
12,positive,9,pdf,0.10935865913545395
12,positive,10,www gov,0.09944345151530638
12,positive,11,uk government,0.09807489037929026
12,positive,12,online,0.08971862184799602
12,positive,13,2019,0.07895329466303376
12,positive,14,publications,0.07870026939062764
12,positive,15,com,0.07801449138960594
12,positive,16,research,0.07245278612300826
12,positive,17,government publications,0.0709027169925328
12,positive,18,000,0.06978542246384065
12,positive,19,innovation,0.06813298905150626
12,positive,20,online targeting,0.06505059975275156
12,positive,21,cdei,0.06470938048330421
12,positive,22,2020,0.06349718822668321
12,positive,23,targeting,0.06278546179369102
12,positive,24,science,0.06105980312559773
12,positive,25,2018,0.060658375777392796
12,positive,26,bias,0.06065127305331027
12,positive,27,algorithmic,0.06058876562230819
12,positive,28,review,0.06005538146737684
12,positive,29,pm,0.05788973298312379
12,positive,30,2017,0.056081416107619526
12,negative,1,artificial,-0.19693001693630208
12,negative,2,intelligence,-0.19361525957546785
12,negative,3,artificial intelligence,-0.1906089794307024
12,negative,4,digital,-0.11683575881609898
12,negative,5,personal data,-0.09871010864485195
12,negative,6,personal,-0.09514688148785884
12,negative,7,development,-0.06339732060963088
12,negative,8,machine,-0.05832174999659185
12,negative,9,shall,-0.05621228734577119
12,negative,10,transformation,-0.05542374967490754
12,negative,11,digital transformation,-0.05342282007489877
12,negative,12,processing,-0.05264305643044309
12,negative,13,systems,-0.051808252344219034
12,negative,14,translated,-0.0517448962849683
12,negative,15,machine translated,-0.051675285908216684
12,negative,16,translated google,-0.051498025878467545
12,negative,17,google,-0.043679499646511605
12,negative,18,protection,-0.04041303966228275
12,negative,19,implementation,-0.03944710103090995
12,negative,20,security,-0.03662634191513375
12,negative,21,ai systems,-0.03261529346122281
12,negative,22,field,-0.032084244694062
12,negative,23,training,-0.030193747539306252
12,negative,24,based,-0.02875645373768636
12,negative,25,measures,-0.028436512246382398
12,negative,26,quality,-0.028373918978456442
12,negative,27,entities,-0.028211098451640302
12,negative,28,controller,-0.027999323985460334
12,negative,29,learning,-0.02752773926819033
12,negative,30,education,-0.027304375004891884
13,positive,1,digital,0.3794613003578858
13,positive,2,https,0.12628762033636
13,positive,3,digital transformation,0.12086876201763604
13,positive,4,transformation,0.11388345543572831
13,positive,5,government,0.10579664572318537
13,positive,6,www,0.09248894601332508
13,positive,7,rights,0.0860841389818689
13,positive,8,https www,0.08561337423986713
13,positive,9,service,0.0773129923547461
13,positive,10,gov,0.07302247709565382
13,positive,11,decision,0.06729801975433934
13,positive,12,uk,0.0648239576374076
13,positive,13,public,0.06372088507219349
13,positive,14,gov uk,0.059909945621621594
13,positive,15,human,0.05825999027472975
13,positive,16,decision making,0.05710555282194783
13,positive,17,artificial intelligence,0.0568568451958072
13,positive,18,artificial,0.05657842792369769
13,positive,19,protection,0.056440800316730336
13,positive,20,services,0.056124634748873414
13,positive,21,provision,0.055870632520932766
13,positive,22,use,0.0553589779238523
13,positive,23,intelligence,0.05480926264731778
13,positive,24,human rights,0.05471586993724251
13,positive,25,national digital,0.05456892891555341
13,positive,26,information,0.054106133608013425
13,positive,27,contained,0.051907346991555636
13,positive,28,security,0.05116050859520009
13,positive,29,algorithmic,0.05087210111644611
13,positive,30,bias,0.0506333368266019
13,negative,1,research,-0.3070150460815527
13,negative,2,000,-0.2827956461202945
13,negative,3,data,-0.13395761870668418
13,negative,4,science,-0.11971380910370488
13,negative,5,innovation,-0.10502826970064318
13,negative,6,development,-0.08788938371035404
13,negative,7,scientific,-0.08550783780811598
13,negative,8,european,-0.07728711273064795
13,negative,9,projects,-0.07683052388331435
13,negative,10,funding,-0.06854939952987833
13,negative,11,project,-0.06541955658117456
13,negative,12,support,-0.06436269797188324
13,negative,13,la,-0.0631583123314058
13,negative,14,industry,-0.057818007742067384
13,negative,15,000 000,-0.056917575831498465
13,negative,16,researchers,-0.05606519202583486
13,negative,17,research innovation,-0.05393342248935545
13,negative,18,research development,-0.05140311561949689
13,negative,19,serbia,-0.05040590027423753
13,negative,20,ar,-0.05027858105419369
13,negative,21,technology,-0.04927652740150756
13,negative,22,investment,-0.0479189071617022
13,negative,23,high,-0.04692654396789531
13,negative,24,horizon,-0.04607855290329861
13,negative,25,energy,-0.04595776804984286
13,negative,26,eu,-0.04496941292474388
13,negative,27,learning,-0.04473517665319657
13,negative,28,ticle,-0.04427863742362925
13,negative,29,computing,-0.0442755036447013
13,negative,30,ar ticle,-0.04425137315268967
14,positive,1,data,0.2758353155932661
14,positive,2,digital,0.22208256639698648
14,positive,3,ai,0.2006127212747033
14,positive,4,european,0.11321043787814157
14,positive,5,eu,0.10361500488663115
14,positive,6,strategy,0.09585213896532953
14,positive,7,sec,0.08178320074632209
14,positive,8,ar,0.07563341438103166
14,positive,9,ticle,0.06834744620518765
14,positive,10,ar ticle,0.06833814808155156
14,positive,11,national,0.06556259925144621
14,positive,12,innovation,0.0621428689277271
14,positive,13,defense,0.060624849774466416
14,positive,14,europe,0.06001690146606442
14,positive,15,skills,0.056753045413794445
14,positive,16,ser,0.05644547208689631
14,positive,17,artificial intelligence,0.05177151910303733
14,positive,18,digital transformation,0.051453255325823205
14,positive,19,transformation,0.051282106483986824
14,positive,20,artificial,0.05107037229804988
14,positive,21,sector,0.050983856405662845
14,positive,22,economy,0.050304469302455
14,positive,23,inserting,0.049673537274059806
14,positive,24,intelligence,0.049493419812035
14,positive,25,contained,0.04920673660970558
14,positive,26,sharing,0.048138159181508045
14,positive,27,striking,0.046259590746416654
14,positive,28,public sector,0.044214984354318115
14,positive,29,data sharing,0.043669494443508185
14,positive,30,provision,0.043523560302224075
14,negative,1,learning,-0.134614782869184
14,negative,2,systems,-0.13059185390773115
14,negative,3,decision,-0.11823780921360694
14,negative,4,machine,-0.11542336810012646
14,negative,5,human,-0.11291565771226957
14,negative,6,information,-0.10883700872048008
14,negative,7,machine learning,-0.10794404685280673
14,negative,8,000,-0.09980306872125684
14,negative,9,article,-0.0962002746968403
14,negative,10,law,-0.08426591109276442
14,negative,11,decision making,-0.08187864462505033
14,negative,12,quality,-0.08148464668690238
14,negative,13,risk,-0.0797843107012063
14,negative,14,automated,-0.07900687754318768
14,negative,15,model,-0.07816335765198791
14,negative,16,making,-0.07269205401947178
14,negative,17,rights,-0.07170203269133929
14,negative,18,safety,-0.0710142847237477
14,negative,19,project,-0.065058239712066
14,negative,20,bias,-0.06314333437697142
14,negative,21,liability,-0.06026733561812395
14,negative,22,process,-0.060128483168121326
14,negative,23,damage,-0.058861981425403095
14,negative,24,used,-0.058657177583374014
14,negative,25,based,-0.057542712687370906
14,negative,26,decisions,-0.05693502437001338
14,negative,27,case,-0.05682792862785692
14,negative,28,algorithmic,-0.05651644761972899
14,negative,29,vehicle,-0.05480096411394334
14,negative,30,example,-0.05454956961575307
15,positive,1,000,0.6324627316278801
15,positive,2,digital,0.25300873806714724
15,positive,3,000 000,0.13623855689992428
15,positive,4,learning,0.1216421272046939
15,positive,5,https,0.09159216252166195
15,positive,6,machine learning,0.07857909156368874
15,positive,7,systems,0.07273302271870134
15,positive,8,machine,0.07064397399515156
15,positive,9,digital transformation,0.06893639166333236
15,positive,10,ai,0.06860978007916961
15,positive,11,transformation,0.06675331180389817
15,positive,12,training,0.06310430346572392
15,positive,13,skills,0.05637498723351237
15,positive,14,10,0.05336118558120642
15,positive,15,model,0.05226843142448886
15,positive,16,models,0.05068763449117176
15,positive,17,program,0.0498754165755941
15,positive,18,500,0.04983018946802784
15,positive,19,digital skills,0.047618560587854665
15,positive,20,sec,0.047538611173132114
15,positive,21,quality,0.04733071058761191
15,positive,22,air,0.04636904655489211
15,positive,23,www,0.046010234900632656
15,positive,24,org,0.04412262224448557
15,positive,25,2023,0.04376196707533844
15,positive,26,inserting,0.04146815188298587
15,positive,27,https www,0.04124353798760763
15,positive,28,striking,0.038480135489817095
15,positive,29,10 000,0.038081856763734864
15,positive,30,army,0.037962291909575036
15,negative,1,research,-0.15329316524278724
15,negative,2,innovation,-0.10273696285137984
15,negative,3,shall,-0.08608005801358207
15,negative,4,government,-0.08424034534190444
15,negative,5,public,-0.07989485654359067
15,negative,6,sector,-0.0688072611947975
15,negative,7,secretary,-0.061495487992092236
15,negative,8,committee,-0.05985749353114855
15,negative,9,science,-0.05748780084910231
15,negative,10,scientific,-0.05582788075634769
15,negative,11,uk,-0.04569110915925992
15,negative,12,la,-0.044266496683635546
15,negative,13,federal,-0.04365533761507086
15,negative,14,strategy,-0.04315446575300478
15,negative,15,international,-0.04289069225546077
15,negative,16,policy,-0.04222488051477655
15,negative,17,private,-0.04155791029031178
15,negative,18,industry,-0.04040080394697001
15,negative,19,law,-0.03960225596429253
15,negative,20,research innovation,-0.03922472266996833
15,negative,21,act,-0.03764622704138842
15,negative,22,regulatory,-0.037226162907170846
15,negative,23,agencies,-0.03596951291027247
15,negative,24,appropriate,-0.034734958649145053
15,negative,25,report,-0.0341367633235221
15,negative,26,including,-0.03402997486225767
15,negative,27,public sector,-0.0339656337663257
15,negative,28,investment,-0.03343104593430969
15,negative,29,date,-0.033253535683724855
15,negative,30,plan,-0.03248894610443745
16,positive,1,000,0.3465228933784023
16,positive,2,personal data,0.23514511272251667
16,positive,3,personal,0.23193688472790772
16,positive,4,protection,0.13266346828597053
16,positive,5,article,0.1261911275129524
16,positive,6,ai,0.12281367017185571
16,positive,7,law,0.1208113499381241
16,positive,8,rights,0.09766645174397062
16,positive,9,data protection,0.07998987883965711
16,positive,10,000 000,0.07708137563129328
16,positive,11,public,0.06477641232427449
16,positive,12,legal,0.06254518743613258
16,positive,13,research,0.06191388503671532
16,positive,14,innovation,0.059393738478894516
16,positive,15,international,0.058178417540604384
16,positive,16,protection personal,0.05508674392317533
16,positive,17,provisions,0.05404580520520877
16,positive,18,controller,0.05352846738242945
16,positive,19,processing personal,0.052808337636551364
16,positive,20,processing,0.05076733751764563
16,positive,21,principles,0.0487790609856828
16,positive,22,regulations,0.048466950665952156
16,positive,23,human rights,0.04668834023155857
16,positive,24,authority,0.04662248403737296
16,positive,25,person,0.04209228030473877
16,positive,26,regulatory,0.04166333000175859
16,positive,27,liability,0.0412471834906634
16,positive,28,government,0.04119538632523538
16,positive,29,privacy,0.040747586976200074
16,positive,30,right,0.04069530427877841
16,negative,1,learning,-0.24271115094246656
16,negative,2,machine learning,-0.17112788360185754
16,negative,3,quality,-0.12929180834139858
16,negative,4,models,-0.1104571745145479
16,negative,5,machine,-0.10569851377800037
16,negative,6,model,-0.10208216247720746
16,negative,7,ar,-0.09997428588899471
16,negative,8,ticle,-0.08823446629644725
16,negative,9,ar ticle,-0.08814089225586895
16,negative,10,systems,-0.08548764918727053
16,negative,11,data,-0.08276980209913552
16,negative,12,ser,-0.08064106859549462
16,negative,13,training,-0.07417190342738017
16,negative,14,intelligence,-0.06141495658459698
16,negative,15,artificial,-0.060260776899044556
16,negative,16,ser vices,-0.05483260539668161
16,negative,17,vices,-0.054814643733647986
16,negative,18,artificial intelligence,-0.05392756997669856
16,negative,19,language,-0.053903973538722755
16,negative,20,used,-0.05210204461455622
16,negative,21,online,-0.05197551461313437
16,negative,22,software,-0.05125434674809714
16,negative,23,inf,-0.049454820676991335
16,negative,24,guideline,-0.04804286061246032
16,negative,25,skills,-0.04654929626214604
16,negative,26,quality management,-0.04574148826870898
16,negative,27,use,-0.043641494071830746
16,negative,28,ed,-0.04344172742444388
16,negative,29,trained,-0.042124936589349224
16,negative,30,ity,-0.042119210054388324
17,positive,1,000,0.30618927148068975
17,positive,2,government,0.1697208305705662
17,positive,3,uk,0.13486558719223113
17,positive,4,intelligence,0.13124217339333788
17,positive,5,artificial,0.1305903443836538
17,positive,6,artificial intelligence,0.12897155410917002
17,positive,7,public,0.11708745120143157
17,positive,8,sector,0.11099369451757161
17,positive,9,decision,0.09273554042875136
17,positive,10,making,0.08104461115191726
17,positive,11,decision making,0.07931189103462281
17,positive,12,gov uk,0.07815183054725144
17,positive,13,public sector,0.07602095452545583
17,positive,14,services,0.07156330591170947
17,positive,15,shall,0.07133433631205913
17,positive,16,000 000,0.07047300276959262
17,positive,17,algorithmic,0.0704274134381029
17,positive,18,use,0.06345526296627255
17,positive,19,bias,0.05974908943714803
17,positive,20,sharing,0.058351614466797506
17,positive,21,regulatory,0.05554058607628546
17,positive,22,ar,0.05303048468381162
17,positive,23,ticle,0.04964333651985463
17,positive,24,ar ticle,0.04961973440155456
17,positive,25,cdei,0.046771785158187286
17,positive,26,review,0.046404752623349976
17,positive,27,uk government,0.045482124374201134
17,positive,28,governance,0.04497959656204975
17,positive,29,systems,0.04461472381355478
17,positive,30,data sharing,0.04392774309650649
17,negative,1,https,-0.17069087157839544
17,negative,2,learning,-0.16518218729418976
17,negative,3,personal data,-0.1489003043532239
17,negative,4,personal,-0.14272557782571582
17,negative,5,research,-0.12745160669014857
17,negative,6,education,-0.12707626341660747
17,negative,7,machine,-0.12000236830369618
17,negative,8,machine learning,-0.10647482358622351
17,negative,9,science,-0.10235343739420155
17,negative,10,article,-0.09262200992935962
17,negative,11,eu,-0.09087040719132605
17,negative,12,ai,-0.08896963850477292
17,negative,13,european,-0.08799217804485285
17,negative,14,www,-0.08098848727252571
17,negative,15,training,-0.07659442102599333
17,negative,16,org,-0.07559922723274527
17,negative,17,pdf,-0.07388418222493397
17,negative,18,2019,-0.07158232955882826
17,negative,19,contained,-0.07031856370446402
17,negative,20,scientific,-0.06984953075140708
17,negative,21,digital,-0.06967310519378875
17,negative,22,https www,-0.06903934143010124
17,negative,23,2020,-0.06884717604764305
17,negative,24,2023,-0.06795857168156554
17,negative,25,processing,-0.06774368902503787
17,negative,26,skills,-0.06617326376923402
17,negative,27,quality,-0.06416688601606735
17,negative,28,protection,-0.0630772486365958
17,negative,29,provision,-0.06061933293919124
17,negative,30,2018,-0.058433320357640185
18,positive,1,shall,0.27254115868330286
18,positive,2,secretary,0.1487030581528739
18,positive,3,national,0.1195193324180699
18,positive,4,defense,0.10811443704579994
18,positive,5,digital,0.10596713621507252
18,positive,6,committee,0.10582379514338439
18,positive,7,security,0.09280752718389193
18,positive,8,science,0.08871286715892417
18,positive,9,ai,0.08175917415196822
18,positive,10,program,0.07724383440873382
18,positive,11,federal,0.07697157636495763
18,positive,12,department,0.07597795003471672
18,positive,13,director,0.07086408873770844
18,positive,14,research,0.07019294712679863
18,positive,15,https,0.0700623924181632
18,positive,16,education,0.06976989175636
18,positive,17,later,0.06623127089938526
18,positive,18,learning,0.06619342376504724
18,positive,19,date,0.06512562951368193
18,positive,20,information,0.05969326920792417
18,positive,21,www,0.05665352245030357
18,positive,22,administrator,0.05408944559496155
18,positive,23,gov,0.05360387951813926
18,positive,24,appropriate,0.05313057498902675
18,positive,25,technology,0.053066463944535354
18,positive,26,https www,0.05236537134940679
18,positive,27,cyber,0.0502229164304005
18,positive,28,secretary defense,0.04980624643725328
18,positive,29,science technology,0.04872989610310248
18,positive,30,office,0.0487286695136724
18,negative,1,contained,-0.1753023795953727
18,negative,2,provision,-0.17338057842385163
18,negative,3,sec,-0.13938515361181023
18,negative,4,european,-0.13773286676341412
18,negative,5,eu,-0.13518055092765713
18,negative,6,amendment,-0.12808067049388508
18,negative,7,provision sec,-0.11251129833575355
18,negative,8,senate amendment,-0.09964182131189558
18,negative,9,amendment contained,-0.09865604314898302
18,negative,10,liability,-0.09751657066445199
18,negative,11,house contained,-0.09736365119381002
18,negative,12,inserting,-0.09604038767267344
18,negative,13,contained provision,-0.09536681749305606
18,negative,14,senate,-0.0942516199850903
18,negative,15,contained similar,-0.0933684764108993
18,negative,16,recedes,-0.09326360071916341
18,negative,17,similar provision,-0.09132622454893818
18,negative,18,striking,-0.09056803399442241
18,negative,19,house,-0.08897880608056691
18,negative,20,similar,-0.07670667506508318
18,negative,21,decision,-0.07577632784446918
18,negative,22,section,-0.06893002143673785
18,negative,23,regulation,-0.06306482795077833
18,negative,24,rights,-0.06290734836809812
18,negative,25,human,-0.05975850018438738
18,negative,26,new,-0.05904124473544239
18,negative,27,damage,-0.0590344727538646
18,negative,28,law,-0.05881167334831782
18,negative,29,market,-0.05810115419220581
18,negative,30,amended,-0.057147630273843425
19,positive,1,education,0.2810543106299935
19,positive,2,personal,0.20199064384262336
19,positive,3,personal data,0.19917100389818265
19,positive,4,skills,0.19761487975421277
19,positive,5,people,0.14368156995451467
19,positive,6,science,0.1394990290979542
19,positive,7,uk,0.1342529175322515
19,positive,8,students,0.10537151038768418
19,positive,9,online,0.09838347575958308
19,positive,10,research,0.09594425914497667
19,positive,11,school,0.09367535153669096
19,positive,12,training,0.09334479162988711
19,positive,13,human,0.09139197084258244
19,positive,14,decision,0.09032646633346547
19,positive,15,educational,0.08246410001890771
19,positive,16,digital skills,0.07895303565370274
19,positive,17,decision making,0.0708428749807232
19,positive,18,higher,0.07041427326432777
19,positive,19,processing,0.06844609265348899
19,positive,20,jobs,0.06786920874952894
19,positive,21,making,0.06401414333153492
19,positive,22,higher education,0.06210450861039055
19,positive,23,rights,0.061449775580303144
19,positive,24,work,0.05940070575834706
19,positive,25,technology,0.0581120372539586
19,positive,26,controller,0.057726554838901975
19,positive,27,protection,0.05726104048500109
19,positive,28,teachers,0.05610622370115621
19,positive,29,schools,0.05588614272227626
19,positive,30,gov uk,0.05446144114233755
19,negative,1,eu,-0.12868630788370491
19,negative,2,european,-0.12607227650096775
19,negative,3,https,-0.10163732246344158
19,negative,4,data,-0.09682406004194241
19,negative,5,models,-0.08856345194783101
19,negative,6,public,-0.08294903713765898
19,negative,7,services,-0.07737950075621162
19,negative,8,service,-0.07407232264292948
19,negative,9,cloud,-0.06128113327218131
19,negative,10,management,-0.06054597363918309
19,negative,11,model,-0.05929927268587522
19,negative,12,article,-0.05755015601413815
19,negative,13,open,-0.057226849504281134
19,negative,14,security,-0.05653633659842743
19,negative,15,infrastructure,-0.05594261289128244
19,negative,16,governance,-0.05545682105030333
19,negative,17,europa,-0.053874525897880166
19,negative,18,europa eu,-0.05374344736919508
19,negative,19,machine,-0.052915602889865736
19,negative,20,sharing,-0.04867462009729576
19,negative,21,project,-0.04782787990788431
19,negative,22,administration,-0.046816656489261865
19,negative,23,entities,-0.04312683005371515
19,negative,24,digital transformation,-0.04263549708764045
19,negative,25,regulatory,-0.04211050203956753
19,negative,26,2020,-0.042024882884040604
19,negative,27,standards,-0.04165530317725672
19,negative,28,aid,-0.0412829529103245
19,negative,29,www,-0.04103872417975051
19,negative,30,machine learning,-0.039913269598591906
20,positive,1,295,0.2598834731484916
20,positive,2,295 133,0.20786493223593505
20,positive,3,high school,0.1869930218753452
20,positive,4,smartlabs,0.17803590347696066
20,positive,5,smartlabs 2023,0.17689504411504817
20,positive,6,pnrr smartlabs,0.17674076331765404
20,positive,7,pnrr,0.17251675932696425
20,positive,8,school,0.1700867856475961
20,positive,9,133,0.1650371099068666
20,positive,10,2023,0.13862069462772433
20,positive,11,smart,0.13357497703469473
20,positive,12,high,0.1180852049936922
20,positive,13,shall,0.11392105337398438
20,positive,14,smart laboratories,0.11254649697097757
20,positive,15,generative,0.09440639336344608
20,positive,16,generative ai,0.08669661590668384
20,positive,17,laboratories,0.08359914925963954
20,positive,18,secretary,0.08159066495558619
20,positive,19,college,0.07588079724373666
20,positive,20,133 90,0.07407858414297806
20,positive,21,00,0.07118374084176125
20,positive,22,equipment,0.07111567826470012
20,positive,23,school smart,0.06743110715402843
20,positive,24,technological high,0.06639091162326222
20,positive,25,90,0.06262202596235779
20,positive,26,services,0.05846775167538464
20,positive,27,date,0.05420098006593764
20,positive,28,models,0.05365323934309497
20,positive,29,skills,0.05283725421799622
20,positive,30,article,0.048919402951882164
20,negative,1,research,-0.21206709923643816
20,negative,2,science,-0.13315455891975733
20,negative,3,sec,-0.12904921847342452
20,negative,4,machine learning,-0.08534945165483208
20,negative,5,scientific,-0.08478388990218386
20,negative,6,machine,-0.08230388240815323
20,negative,7,national,-0.0793382483551582
20,negative,8,learning,-0.07385923565731967
20,negative,9,science technology,-0.06713769080832434
20,negative,10,development,-0.06617348383043616
20,negative,11,decision,-0.06532098257792159
20,negative,12,human,-0.062188548021180026
20,negative,13,innovation,-0.06052329726058938
20,negative,14,000,-0.05860272475367897
20,negative,15,quality,-0.05631059892120237
20,negative,16,inserting,-0.054999259503573865
20,negative,17,technology,-0.053052567846559935
20,negative,18,policy,-0.05283860079014369
20,negative,19,security,-0.0525465514375073
20,negative,20,striking,-0.05223506482585476
20,negative,21,ethics,-0.05181419345146364
20,negative,22,public,-0.05153764103967249
20,negative,23,decision making,-0.05108301990183893
20,negative,24,institute,-0.04942757008007624
20,negative,25,guidelines,-0.046428594415075505
20,negative,26,guideline,-0.04547170378031892
20,negative,27,principles,-0.04305464086445958
20,negative,28,ethical,-0.042831271906364016
20,negative,29,rights,-0.04217704883895436
20,negative,30,human rights,-0.04195069771578279
21,positive,1,sec,0.522795362101206
21,positive,2,eu,0.11846594514714817
21,positive,3,systems,0.10909420096690955
21,positive,4,security,0.10377859526791806
21,positive,5,european,0.10271753069321302
21,positive,6,subtitle,0.09644647789383351
21,positive,7,295,0.08165241199650981
21,positive,8,personal,0.081482376972416
21,positive,9,health,0.08046370824940197
21,positive,10,personal data,0.07874467714033202
21,positive,11,states,0.07754585039614745
21,positive,12,united,0.07066967213404167
21,positive,13,safety,0.0680479816675344
21,positive,14,united states,0.06631950033168757
21,positive,15,295 133,0.06495095079373649
21,positive,16,cyber,0.06426046672185146
21,positive,17,smart,0.05861005696271388
21,positive,18,high school,0.05786463819229569
21,positive,19,high,0.057592899039629324
21,positive,20,energy,0.057420325501711444
21,positive,21,protection,0.05731755710684809
21,positive,22,smartlabs,0.05554454384661029
21,positive,23,smartlabs 2023,0.05518726085491693
21,positive,24,pnrr smartlabs,0.05513937391889159
21,positive,25,pnrr,0.05368413911683754
21,positive,26,133,0.052806606015799076
21,positive,27,military,0.05262768059619043
21,positive,28,human,0.052442047819018685
21,positive,29,title,0.04743122227268058
21,positive,30,automated,0.04732555173183684
21,negative,1,contained,-0.15967972014472653
21,negative,2,provision,-0.1535283583339281
21,negative,3,house,-0.12148895630137176
21,negative,4,senate,-0.12090207412144778
21,negative,5,amendment,-0.1094143344120993
21,negative,6,shall,-0.10029511228464104
21,negative,7,secretary,-0.10007139895326306
21,negative,8,provision sec,-0.09560616820916264
21,negative,9,000,-0.09539217129796779
21,negative,10,senate amendment,-0.08851361671057824
21,negative,11,amendment contained,-0.08723585063500026
21,negative,12,house contained,-0.08592069203699329
21,negative,13,article,-0.08461998000740181
21,negative,14,contained similar,-0.08431271834483808
21,negative,15,recedes,-0.08415158648713546
21,negative,16,contained provision,-0.08336505818475917
21,negative,17,similar provision,-0.08225276476582617
21,negative,18,similar,-0.06823416974868385
21,negative,19,data,-0.06393359612651299
21,negative,20,ai,-0.0560206634190864
21,negative,21,6601,-0.05549010856508537
21,negative,22,public,-0.053127816516009486
21,negative,23,paragraph,-0.051730946835261055
21,negative,24,conferees,-0.05070275677150061
21,negative,25,house recedes,-0.049603315150974256
21,negative,26,date,-0.04918376405814092
21,negative,27,skills,-0.04812600633495954
21,negative,28,training,-0.04801932998586314
21,negative,29,secretary defense,-0.04732573862651024
21,negative,30,provision house,-0.04420504845385156
22,positive,1,295,0.2340911654182445
22,positive,2,295 133,0.18686933552625962
22,positive,3,public,0.1867758699048171
22,positive,4,high school,0.1652136086460338
22,positive,5,smartlabs,0.15992363255362108
22,positive,6,smartlabs 2023,0.1589018699523974
22,positive,7,pnrr smartlabs,0.1587630326386481
22,positive,8,pnrr,0.15560762748388854
22,positive,9,133,0.14903002231889403
22,positive,10,school,0.13225021173550108
22,positive,11,national,0.12986545264771207
22,positive,12,research,0.10427928524776735
22,positive,13,smart laboratories,0.10111189213445974
22,positive,14,2023,0.09806203314313768
22,positive,15,government,0.08935573869643958
22,positive,16,laboratories,0.08689303672317512
22,positive,17,machine,0.08559315539854451
22,positive,18,smart,0.08364525799194843
22,positive,19,public sector,0.07154909630741355
22,positive,20,science,0.06899530302361365
22,positive,21,translated,0.06727600847556599
22,positive,22,machine translated,0.06709239248190792
22,positive,23,translated google,0.06707023177627161
22,positive,24,college,0.06663703650729483
22,positive,25,133 90,0.06658779131667741
22,positive,26,development,0.06500160654125114
22,positive,27,google,0.06277444423310369
22,positive,28,00,0.06159909583747179
22,positive,29,school smart,0.06044445362658436
22,positive,30,technological high,0.05952388662982886
22,negative,1,skills,-0.11066698728194756
22,negative,2,eu,-0.09398791565850334
22,negative,3,personal,-0.08930023285675635
22,negative,4,european,-0.08652830636885325
22,negative,5,personal data,-0.0819334819665233
22,negative,6,digital,-0.07915148405198372
22,negative,7,shall,-0.07720762189995926
22,negative,8,economy,-0.07618958824223748
22,negative,9,new,-0.07528729933360215
22,negative,10,market,-0.0737937918264456
22,negative,11,jobs,-0.07349904816291629
22,negative,12,models,-0.06974850279527618
22,negative,13,secretary,-0.06421022268707598
22,negative,14,states,-0.06155113399080818
22,negative,15,generative,-0.06003266568448809
22,negative,16,europe,-0.05822126530220299
22,negative,17,generative ai,-0.05510476567596418
22,negative,18,growth,-0.054800193725904875
22,negative,19,workers,-0.05349768682066964
22,negative,20,digital skills,-0.05346487492226829
22,negative,21,companies,-0.05275817147007822
22,negative,22,vietnam,-0.051863032705600415
22,negative,23,united,-0.05133935917300526
22,negative,24,united states,-0.05096836523417193
22,negative,25,future,-0.049836377352997646
22,negative,26,technologies,-0.04956869495421659
22,negative,27,labour,-0.04886423059147352
22,negative,28,global,-0.047110779836525174
22,negative,29,productivity,-0.04373295631193422
22,negative,30,digital economy,-0.043067934955554846
23,positive,1,european,0.2514535459755966
23,positive,2,eu,0.2509375894450529
23,positive,3,education,0.12680201612805286
23,positive,4,digital,0.1197284104345135
23,positive,5,decision,0.11743458996626047
23,positive,6,europe,0.10152547536366699
23,positive,7,research,0.09299376028057195
23,positive,8,horizon,0.09218332905055877
23,positive,9,decision making,0.09142685540449734
23,positive,10,europa,0.09111170076353885
23,positive,11,europa eu,0.09064721681885221
23,positive,12,commission,0.0872366369404281
23,positive,13,bias,0.08635041940017993
23,positive,14,skills,0.08526939532503681
23,positive,15,data,0.08141408722209306
23,positive,16,ec,0.08096593789547173
23,positive,17,making,0.08067641168852664
23,positive,18,000,0.0806468343802642
23,positive,19,algorithmic,0.07408265955408404
23,positive,20,framework,0.06919904633235721
23,positive,21,horizon 2020,0.06771108077780243
23,positive,22,secretary,0.0671636034895525
23,positive,23,european commission,0.0663558870132021
23,positive,24,programme,0.06504182787411106
23,positive,25,2020,0.06330321509835421
23,positive,26,human,0.06254969594989741
23,positive,27,ec europa,0.0619125677695408
23,positive,28,regulatory,0.06181854361113357
23,positive,29,digital skills,0.06089298332123933
23,positive,30,committee,0.05966969342999086
23,negative,1,sec,-0.17820705872627957
23,negative,2,personal,-0.12832803523345324
23,negative,3,personal data,-0.12362949557788984
23,negative,4,public,-0.09138941049359264
23,negative,5,government,-0.09069390825402035
23,negative,6,services,-0.08663504425163482
23,negative,7,technology,-0.08357597359108171
23,negative,8,ai,-0.08346569785217144
23,negative,9,generative,-0.07701522994399118
23,negative,10,generative ai,-0.07248339274795897
23,negative,11,article,-0.0705299107534261
23,negative,12,ar,-0.06492679944975682
23,negative,13,service,-0.06482685609109812
23,negative,14,processing,-0.06343271328000909
23,negative,15,online,-0.06295298258822056
23,negative,16,energy,-0.062103156521560225
23,negative,17,ser,-0.061041161742652686
23,negative,18,sector,-0.06019618973277835
23,negative,19,www,-0.05981715726677459
23,negative,20,la,-0.059037988961354274
23,negative,21,ticle,-0.057043550847586805
23,negative,22,ar ticle,-0.056930810274220325
23,negative,23,companies,-0.05615339761138898
23,negative,24,national,-0.05498333495515937
23,negative,25,production,-0.05476556611424671
23,negative,26,https www,-0.053940995454510594
23,negative,27,growth,-0.05364426705985761
23,negative,28,machine,-0.0518942130197594
23,negative,29,infrastructure,-0.050933240887179036
23,negative,30,uk,-0.04999275678780269
24,positive,1,sec,0.4345418396088378
24,positive,2,education,0.16911754828441644
24,positive,3,training,0.1416737544456722
24,positive,4,skills,0.1279973203252225
24,positive,5,article,0.1201926335221558
24,positive,6,project,0.09527378467530771
24,positive,7,data,0.0836926885491771
24,positive,8,generative,0.07512209352184353
24,positive,9,subtitle,0.07219260393388144
24,positive,10,students,0.0720332236566885
24,positive,11,ai,0.0690841133996418
24,positive,12,generative ai,0.0674869616098223
24,positive,13,public,0.06686775837981222
24,positive,14,lowprop,0.06593482513698791
24,positive,15,digital skills,0.059698585798675756
24,positive,16,aid,0.059152086283193954
24,positive,17,educational,0.05829018776273275
24,positive,18,projects,0.05646884203446392
24,positive,19,language,0.05581443305477131
24,positive,20,decision,0.05156722020855185
24,positive,21,models,0.04959983939023069
24,positive,22,public sector,0.04939034945922576
24,positive,23,law,0.04925036418005981
24,positive,24,application,0.047706342627359656
24,positive,25,authority,0.04770295691778771
24,positive,26,ministry,0.046195018354878194
24,positive,27,bias,0.04610664548211437
24,positive,28,program,0.04525805936993022
24,positive,29,military,0.04519219578082383
24,positive,30,funds,0.044689294436055446
24,negative,1,systems,-0.12832788307973042
24,negative,2,security,-0.12418244049096319
24,negative,3,personal,-0.11403905675641324
24,negative,4,personal data,-0.11260869272924949
24,negative,5,technology,-0.11016908146089041
24,negative,6,health,-0.10883200957444092
24,negative,7,technologies,-0.07207609502051873
24,negative,8,contained,-0.0716604358404566
24,negative,9,house,-0.06799937146143162
24,negative,10,energy,-0.06717684097485287
24,negative,11,senate,-0.06661613351177825
24,negative,12,privacy,-0.06618575224489855
24,negative,13,safety,-0.06596605569354513
24,negative,14,human,-0.0599359196792405
24,negative,15,cyber,-0.05911599088581132
24,negative,16,provision,-0.058159497544014685
24,negative,17,smart,-0.05748203225502909
24,negative,18,protection,-0.057442087923015174
24,negative,19,secretary,-0.05658526373352901
24,negative,20,global,-0.0551464509816363
24,negative,21,295,-0.054674495517620825
24,negative,22,science,-0.05457973403025366
24,negative,23,standards,-0.05457036662040358
24,negative,24,defense,-0.05451413738958542
24,negative,25,national,-0.054216984807634865
24,negative,26,information,-0.05034826413607691
24,negative,27,amendment,-0.04990307744076495
24,negative,28,risk,-0.049815436253109094
24,negative,29,vehicles,-0.049711460258123674
24,negative,30,risks,-0.04787859506730651
25,positive,1,health,0.3806361568462299
25,positive,2,care,0.1616006971755203
25,positive,3,generative,0.15316304496390468
25,positive,4,generative ai,0.13997930925308497
25,positive,5,information,0.13269102501815458
25,positive,6,https,0.10594437251476226
25,positive,7,services,0.1039465255429187
25,positive,8,medical,0.09917253063878904
25,positive,9,education,0.09406357481590134
25,positive,10,healthcare,0.08870968521695369
25,positive,11,social,0.08270443914901159
25,positive,12,access,0.07818459645289656
25,positive,13,research,0.07715676886477374
25,positive,14,patient,0.07239576771374132
25,positive,15,content,0.06374516046139286
25,positive,16,health care,0.06083290467418189
25,positive,17,patients,0.059330486800894075
25,positive,18,ministry,0.05884887951896835
25,positive,19,org,0.054130301419676737
25,positive,20,systems,0.053998515189936376
25,positive,21,scientific,0.05336567991129884
25,positive,22,service,0.05249368456891947
25,positive,23,models,0.05209512065025448
25,positive,24,online,0.0519249041530509
25,positive,25,www,0.0510208609803635
25,positive,26,inserting,0.049386131590196836
25,positive,27,language,0.048677271555692826
25,positive,28,google,0.04739579590680567
25,positive,29,human,0.046086729676988895
25,positive,30,institutions,0.04581622169578113
25,negative,1,machine learning,-0.17287699125092784
25,negative,2,uk,-0.16490686458965553
25,negative,3,learning,-0.16357505298275044
25,negative,4,liability,-0.14185075980540113
25,negative,5,damage,-0.1036932360655163
25,negative,6,quality,-0.09248982408755907
25,negative,7,industrial,-0.09032513602272912
25,negative,8,innovation,-0.08303104734630087
25,negative,9,article,-0.07881096461173842
25,negative,10,guideline,-0.07804752056843367
25,negative,11,digital,-0.07769108889746124
25,negative,12,machine,-0.07662063445721468
25,negative,13,quality management,-0.06903312243998255
25,negative,14,technology,-0.06831593120218721
25,negative,15,economy,-0.06575107448900416
25,negative,16,learning quality,-0.06443172126620307
25,negative,17,law,-0.06161501979636451
25,negative,18,industry,-0.0610298237692312
25,negative,19,strategy,-0.06035847264495854
25,negative,20,industrial science,-0.05714828665632059
25,negative,21,advanced industrial,-0.05709555134207177
25,negative,22,gov uk,-0.05687231695037675
25,negative,23,management guideline,-0.05637173200453526
25,negative,24,guideline national,-0.05439141199592498
25,negative,25,3rd english,-0.05386866513713437
25,negative,26,institute 3rd,-0.05386866513713437
25,negative,27,edition advanced,-0.05372831061319686
25,negative,28,english edition,-0.05369693116274309
25,negative,29,investment,-0.05326071600523624
25,negative,30,edition,-0.05297458221273657
